Parameters,Run1,Run2,Run3,Run4,Run5,Run6,Run7,Run8,Run9,Run10
ka_pop,1.95747,1.20319,1.72571,1.51203,1.71793,1.38205,1.12016,1.28301,1.31884,1.50061
V_pop,0.435193,0.469218,0.460428,0.448698,0.472514,0.485407,0.467311,0.469653,0.463345,0.45562
Cl_pop,0.0393883,0.0441228,0.0396267,0.0384298,0.0411476,0.0424783,0.0426428,0.0392681,0.0388707,0.0369321
omega_ka,0.729426,0.293693,0.434199,0.643453,0.625512,0.574499,0.387995,0.240655,0.768173,0.765504
omega_V,0.132415,0.0508897,0.104694,0.109045,0.127669,0.0746589,0.0576383,0.152836,0.130427,0.122506
omega_Cl,0.245486,0.0526323,0.246223,0.23644,0.276391,0.18343,0.10472,0.2979,0.297482,0.272022
a,0.646416,0.0117191,0.679417,0.384821,0.283553,0.397419,0.421976,0.477403,0.338407,0.363071
b,0.025162,0.18681,2.22045e-16,0.0495685,0.106945,0.0126888,0.0600247,0.0794422,0.0334597,0.0327801
convergenceAutostop,1,1,1,1,1,1,1,1,1,1
